{"connections": [{"fromMote": 1, "toMote": 2, "pdr": 1.0}, {"fromMote": 1, "toMote": 5, "pdr": 1.0}, {"fromMote": 1, "toMote": 4, "pdr": 1.0}, {"fromMote": 2, "toMote": 3, "pdr": 1.0}, {"fromMote": 2, "toMote": 6, "pdr": 1.0}, {"fromMote": 4, "toMote": 7, "pdr": 1.0}, {"fromMote": 8, "toMote": 5, "pdr": 1.0}, {"fromMote": 5, "toMote": 10, "pdr": 1.0}, {"fromMote": 5, "toMote": 9, "pdr": 1.0}, {"fromMote": 8, "toMote": 11, "pdr": 1.0}, {"fromMote": 9, "toMote": 12, "pdr": 1.0}], "DAGrootList": [1], "motes": [{"lat": 37.8748095822, "lon": -122.25790785, "id": 1}, {"lat": 37.874955484, "lon": -122.257746125, "id": 2}, {"lat": 37.8748636205, "lon": -122.257551525, "id": 3}, {"lat": 37.8748755336, "lon": -122.257246673, "id": 4}, {"lat": 37.875069953, "lon": -122.257806464, "id": 5}, {"lat": 37.8750829721, "lon": -122.257663255, "id": 6}, {"lat": 37.8751143021, "lon": -122.257520832, "id": 7}, {"lat": 37.8751632105, "lon": -122.257336411, "id": 8}, {"lat": 37.8753777413, "lon": -122.257981382, "id": 9}, {"lat": 37.8753167314, "lon": -122.257797639, "id": 10}, {"lat": 37.8753987829, "lon": -122.257471014, "id": 11}, {"lat": 37.8752845153, "lon": -122.257234632, "id": 12}]}
